h1,h2,rho,SE_boot,IC95_lo,IC95_hi,m,b,scheme
-2,2,0.9910425333163113,0.00014787567856736712,0.9985550835985818,0.999065448794794,16384,7,CBB
-1,1,0.9802805534146402,0.00027216035319212374,0.9974025868391238,0.998343479610924,16384,7,CBB
0,1,0.9676310688657929,0.00036507800453569047,0.9960204573952514,0.9971407274322993,16384,7,CBB
0,2,0.9840460715746467,0.0002355080613038735,0.9977072624413945,0.9984249295508907,16384,7,CBB
1,0,0.9651136934704314,0.00045288088946613027,0.9955674994320383,0.997045405760329,16384,7,CBB
1,1,0.9810786826383976,0.0002448609967955818,0.9975217246187726,0.9983688314825053,16384,7,CBB
2,0,0.983108254901253,0.00025902178215355006,0.9975635072482638,0.9983951538497683,16384,7,CBB
2,2,0.9911287223166665,0.00015484152087651018,0.9985199849120937,0.9990609822032991,16384,7,CBB
