h1,h2,rho,SE_boot,IC95_lo,IC95_hi,m,b,scheme
-2,2,0.9927433713174373,0.00014846100410535615,0.9987765550698536,0.9992766388540055,16384,7,CBB
-1,1,0.9829365679652519,0.00028975085839624685,0.9977173911566207,0.9986980721460773,16384,7,CBB
0,1,0.9730236584021512,0.0004879338145856781,0.9964496220883639,0.9979617406426615,16384,7,CBB
0,2,0.9870146452866646,0.0002486068733704628,0.9980408536271409,0.9988300167074596,16384,7,CBB
1,0,0.9691111497730378,0.00056018262755017,0.9957626657908484,0.9976946760092563,16384,7,CBB
1,1,0.9844148196128515,0.00023881542422369062,0.9979307251792997,0.9987887547555415,16384,7,CBB
2,0,0.9860541961745217,0.0002573040971508878,0.9978624774743783,0.9987480406435995,16384,7,CBB
2,2,0.9928919390296241,0.00014894574729579056,0.9987771467606277,0.9992855123302548,16384,7,CBB
